Domain,OUPath,OUName,Description
addev.amplelogic.com,"OU=USBEnable,DC=ADDEV,DC=AmpleLogic,DC=com",TestOU1,this is for Test Bulk OU creation
addev.amplelogic.com,"OU=USBEnable,DC=ADDEV,DC=AmpleLogic,DC=com",TestOU11,this is for Test Bulk OU creation
addev.amplelogic.com,"OU=USBEnable,DC=ADDEV,DC=AmpleLogic,DC=com",TestOU111,this is for Test Bulk OU creation
addev.amplelogic.com,"OU=USBEnable,DC=ADDEV,DC=AmpleLogic,DC=com",TestOU2,this is for Test Bulk OU creation
addev.amplelogic.com,"OU=USBEnable,DC=ADDEV,DC=AmpleLogic,DC=com",TestOU12,this is for Test Bulk OU creation
addev.amplelogic.com,"OU=USBEnable,DC=ADDEV,DC=AmpleLogic,DC=com",TestOU13,this is for Test Bulk OU creation
addev.amplelogic.com,"OU=USBEnable,DC=ADDEV,DC=AmpleLogic,DC=com",TestOU1,this is for Test Bulk OU creation
addev.amplelogic.com,"OU=USBEnable,DC=ADDEV,DC=AmpleLogic,DC=com",TestOU08,this is for Test Bulk OU creation
addev.amplelogic.com,"OU=USBEnable,DC=ADDEV,DC=AmpleLogic,DC=com",TestOU09,this is for Test Bulk OU creation
