Domain,GroupType,GroupScope,groupname,groupowner
corp.amplelogic.com,Security,Domain Local,adteste1,admanikantad
corp.amplelogic.com,Security,Domain Local,adteste2,admanikantad
corp.amplelogic.com,Security,Domain Local,adteste3,admanikantad
corp.amplelogic.com,Security,Domain Local,adteste4,admanikantad
corp.amplelogic.com,Security,Domain Local,adteste5,admanikantad
corp.amplelogic.com,Security,Domain Local,adteste6,admanikantad
corp.amplelogic.com,Security,Domain Local,adteste7,admanikantad
corp.amplelogic.com,Security,Domain Local,adteste7,admanikantad