sAMAccountName,userPrincipalName,givenName,sn,initials,mail,mobile
John,Mathew,Martins,Mathew,M,manikanta.d@amplelogic.com,9876543210
Peter,Jackson,Samuels,Mathew,M,manikanta.d@amplelogic.com,9876543210
Matthew,Matthew,Samueld,Mathew,M,manikanta.d@amplelogic.com,9876543210
Matt,Matt,Samuel,Mathewc,M,manikanta.d@amplelogic.com,9876543210
Dayer,Dayer,Samuel,Mathews,M,manikanta.d@amplelogic.com,9876543210
Andrew,Andrew,Samuel,Mathewg,M,manikanta.d@amplelogic.com,9876543210
Edwin,Edwin,Samuel,Mathewn,M,manikanta.d@amplelogic.com,9876543210
Sthalekar,Sthalekar,Samuelh,Mathew,M,manikanta.d@amplelogic.com,9876543210
Plunkett,Plunkett,Samuelg,Mathew,M,manikanta.d@amplelogic.com,9876543210
Batty,Batty,Samuel,Mathewt,M,manikanta.d@amplelogic.com,9876543210
